gender,ip_address,transaction,type,value,date
Female,195.191.173.161,deposit,checking,525645.32,17-Oct-2019
Male,218.177.192.145,withdraw,savings,10427.9,26-Oct-2019
Female,205.234.27.68,withdraw,checking,62880.31,23-Oct-2019
Male,224.243.25.67,deposit,checking,561447.09,18-Oct-2019
Male,217.221.54.193,deposit,checking,58867.66,21-Oct-2019
Female,172.240.99.217,deposit,savings,738874.72,10-Oct-2019
Male,223.29.43.15,deposit,savings,599300.31,12-Oct-2019
Male,205.28.13.239,deposit,checking,328931.73,12-Oct-2019
Male,218.74.44.232,withdraw,savings,168280.67,11-Oct-2019
Female,81.134.195.153,withdraw,savings,646684.92,17-Oct-2019
Male,220.113.218.163,deposit,checking,661164.0,14-Oct-2019
Female,187.157.182.66,withdraw,savings,408806.22,08-Oct-2019
Female,179.26.83.102,withdraw,savings,199221.54,15-Oct-2019
Female,155.162.190.144,withdraw,savings,297367.01,10-Oct-2019
Male,58.18.73.144,withdraw,savings,469918.32,03-Oct-2019
Female,225.116.173.249,withdraw,savings,454042.61,21-Oct-2019
Male,236.25.65.212,withdraw,checking,89850.66,19-Oct-2019
Male,31.204.104.93,withdraw,savings,593870.05,01-Oct-2019
Female,216.200.61.5,withdraw,checking,27374.49,08-Oct-2019
Female,187.21.216.98,deposit,checking,753089.26,09-Oct-2019
Female,64.252.69.85,withdraw,checking,789828.73,16-Oct-2019
Female,144.101.188.146,deposit,checking,399785.98,05-Oct-2019
Female,180.144.169.2,deposit,savings,961438.59,26-Oct-2019
Male,116.86.38.26,withdraw,savings,603431.85,10-Oct-2019
Male,130.32.73.17,withdraw,checking,896245.16,28-Oct-2019
Female,175.227.166.153,withdraw,savings,406584.28,22-Oct-2019
Male,203.163.186.228,withdraw,checking,951224.91,10-Oct-2019
Male,140.72.168.141,withdraw,savings,974742.4,07-Oct-2019
Female,46.96.140.19,deposit,checking,367796.23,11-Oct-2019
Female,184.125.66.147,deposit,checking,75458.33,15-Oct-2019
Female,103.136.123.211,withdraw,checking,607643.93,24-Oct-2019
Female,71.129.86.227,withdraw,savings,345691.49,22-Oct-2019
Male,114.40.7.186,withdraw,checking,669050.97,01-Oct-2019
Male,177.76.30.31,withdraw,checking,74017.94,16-Oct-2019
Male,160.183.138.54,deposit,savings,29166.82,16-Oct-2019
Male,136.233.105.217,deposit,savings,341002.37,24-Oct-2019
Female,164.1.107.125,deposit,checking,499805.54,01-Oct-2019
Female,215.116.178.115,withdraw,savings,631080.43,03-Oct-2019
Male,200.49.150.139,withdraw,savings,219346.35,19-Oct-2019
Male,130.150.228.77,withdraw,savings,736940.65,28-Oct-2019
Male,217.113.141.75,withdraw,checking,514073.71,16-Oct-2019
Female,191.192.4.228,deposit,savings,34542.52,16-Oct-2019
Female,85.20.250.57,withdraw,checking,757563.86,08-Oct-2019
Female,39.119.24.173,withdraw,checking,207502.51,26-Oct-2019
Female,22.9.131.207,withdraw,savings,34404.34,01-Oct-2019
Male,148.50.73.101,withdraw,savings,368828.83,12-Oct-2019
Female,200.22.130.50,withdraw,checking,465619.24,17-Oct-2019
Female,29.155.252.48,deposit,savings,166985.12,12-Oct-2019
Male,103.244.61.127,withdraw,checking,207048.7,13-Oct-2019
Male,104.229.112.94,deposit,savings,68451.66,28-Oct-2019
Female,84.49.169.112,deposit,checking,73012.36,10-Oct-2019
Female,107.214.106.12,withdraw,savings,742459.35,01-Oct-2019
Male,67.68.201.113,withdraw,savings,323055.15,07-Oct-2019
Female,34.34.110.102,withdraw,savings,375299.97,03-Oct-2019
Female,233.90.74.206,withdraw,savings,115145.9,12-Oct-2019
Male,114.108.208.232,withdraw,savings,72984.77,10-Oct-2019
Female,78.59.252.49,deposit,checking,782493.38,24-Oct-2019
Female,208.198.80.160,withdraw,checking,972940.43,06-Oct-2019
Male,106.8.30.74,deposit,savings,63733.71,26-Oct-2019
Male,251.186.152.64,deposit,checking,888544.6,09-Oct-2019
Female,87.238.201.154,deposit,checking,828258.0,06-Oct-2019
Male,245.239.42.180,withdraw,checking,444786.4,19-Oct-2019
Female,76.102.51.131,deposit,checking,744236.79,13-Oct-2019
Female,205.147.189.200,deposit,savings,95888.11,27-Oct-2019
Female,222.4.240.233,deposit,savings,930828.06,08-Oct-2019
Male,12.235.8.251,deposit,savings,690516.48,24-Oct-2019
Male,62.7.184.50,withdraw,checking,382945.98,12-Oct-2019
Male,111.147.205.91,withdraw,savings,720796.95,06-Oct-2019
Male,48.249.248.144,deposit,checking,201314.91,05-Oct-2019
Male,173.190.194.78,withdraw,checking,877103.31,13-Oct-2019
Male,219.125.85.70,withdraw,savings,774436.97,25-Oct-2019
Female,59.199.254.194,withdraw,savings,751625.52,11-Oct-2019
Female,62.217.29.197,withdraw,checking,924272.7,23-Oct-2019
Female,20.36.48.104,withdraw,checking,290971.95,18-Oct-2019
Female,108.149.236.136,withdraw,savings,542436.63,28-Oct-2019
Male,64.186.220.163,withdraw,savings,378582.83,24-Oct-2019
Female,37.99.5.122,withdraw,checking,279737.74,05-Oct-2019
Female,69.23.252.58,withdraw,checking,89616.48,25-Oct-2019
Male,250.170.123.231,withdraw,savings,892625.98,26-Oct-2019
Female,27.236.151.180,withdraw,checking,294183.74,18-Oct-2019
Male,64.102.32.209,withdraw,savings,712942.25,10-Oct-2019
Male,103.134.146.112,withdraw,savings,799530.65,08-Oct-2019
Male,2.193.221.243,deposit,checking,232397.55,11-Oct-2019
Male,169.124.213.64,withdraw,savings,370432.15,01-Oct-2019
Male,113.38.177.84,deposit,checking,555736.35,02-Oct-2019
Male,109.122.72.155,withdraw,savings,37108.13,09-Oct-2019
Male,237.184.102.41,withdraw,savings,608921.08,26-Oct-2019
Female,245.110.180.115,withdraw,checking,342461.35,23-Oct-2019
Male,70.76.241.212,withdraw,savings,608434.11,13-Oct-2019
Male,16.73.159.37,withdraw,savings,566588.89,09-Oct-2019
Female,193.155.11.33,deposit,savings,129960.56,26-Oct-2019
Female,48.75.189.171,withdraw,checking,613363.91,24-Oct-2019
Female,236.163.74.204,withdraw,savings,966374.83,25-Oct-2019
Male,213.146.91.124,deposit,savings,991536.03,15-Oct-2019
Male,44.237.30.56,deposit,savings,489957.38,03-Oct-2019
Female,157.103.120.43,deposit,checking,406808.55,22-Oct-2019
Male,88.52.2.239,withdraw,checking,982093.82,26-Oct-2019
Male,81.16.218.12,withdraw,checking,888318.0,21-Oct-2019
Male,170.73.45.226,deposit,savings,771974.25,16-Oct-2019
Female,166.163.125.221,withdraw,savings,838036.0,15-Oct-2019
Male,144.38.189.79,withdraw,checking,697429.71,18-Oct-2019
Male,134.174.187.81,deposit,checking,775008.88,10-Oct-2019
Male,62.86.116.100,withdraw,savings,442397.53,16-Oct-2019
Male,195.195.30.35,withdraw,checking,723101.19,10-Oct-2019
Male,168.80.243.188,withdraw,savings,407137.07,15-Oct-2019
Male,105.176.246.97,deposit,savings,642816.61,20-Oct-2019
Female,55.190.193.235,withdraw,checking,462698.72,23-Oct-2019
Male,110.206.180.251,withdraw,savings,868101.93,13-Oct-2019
Female,137.59.221.146,withdraw,checking,349619.09,04-Oct-2019
Female,62.18.251.250,withdraw,savings,399926.5,20-Oct-2019
Female,140.213.149.35,withdraw,savings,998889.45,11-Oct-2019
Female,156.196.110.81,withdraw,checking,207193.84,25-Oct-2019
Female,212.180.109.26,withdraw,savings,121266.97,27-Oct-2019
Male,121.103.137.58,deposit,savings,481732.36,22-Oct-2019
Male,191.73.93.217,deposit,checking,552823.29,15-Oct-2019
Male,105.37.69.33,deposit,savings,892236.14,06-Oct-2019
Male,177.250.119.3,deposit,savings,245437.87,18-Oct-2019
Male,252.204.15.121,withdraw,savings,481524.25,12-Oct-2019
Male,129.204.244.122,deposit,checking,669453.39,07-Oct-2019
Male,50.120.82.206,withdraw,savings,936951.29,15-Oct-2019
Female,220.25.74.246,withdraw,savings,490331.07,08-Oct-2019
Female,122.208.21.19,withdraw,checking,149126.94,01-Oct-2019
Female,124.8.33.21,deposit,checking,805802.16,23-Oct-2019
Female,229.170.228.170,deposit,savings,241238.45,26-Oct-2019
Male,220.68.188.169,withdraw,savings,662355.58,03-Oct-2019
Female,169.3.200.75,withdraw,savings,359969.38,15-Oct-2019
Male,56.158.211.58,deposit,checking,345263.31,09-Oct-2019
Male,193.205.140.189,deposit,savings,998217.39,04-Oct-2019
Female,219.11.19.116,withdraw,savings,908188.97,20-Oct-2019
Female,117.78.74.18,deposit,checking,874339.48,04-Oct-2019
Female,64.50.245.181,deposit,savings,647082.65,16-Oct-2019
Female,125.155.19.114,withdraw,checking,918658.62,17-Oct-2019
Female,114.104.171.160,deposit,checking,172687.55,08-Oct-2019
Male,197.246.200.242,withdraw,savings,276355.75,18-Oct-2019
Male,22.45.85.222,withdraw,checking,182930.44,01-Oct-2019
Male,15.180.159.143,withdraw,checking,986927.51,05-Oct-2019
Male,255.173.76.4,withdraw,savings,262486.81,06-Oct-2019
Male,152.15.67.222,withdraw,savings,866134.32,06-Oct-2019
Female,241.199.198.13,deposit,checking,652531.06,07-Oct-2019
Female,113.243.165.185,withdraw,checking,465730.79,24-Oct-2019
Female,130.234.71.3,deposit,savings,536766.9,13-Oct-2019
Male,128.223.212.165,withdraw,savings,184955.25,18-Oct-2019
Female,237.30.130.214,withdraw,savings,528837.3,26-Oct-2019
Male,174.249.109.240,withdraw,savings,53701.25,19-Oct-2019
Female,176.148.144.1,withdraw,checking,983645.48,21-Oct-2019
Male,70.122.145.181,withdraw,checking,990525.8,13-Oct-2019
Male,70.141.24.36,deposit,savings,218336.52,09-Oct-2019
Female,231.186.194.229,withdraw,savings,181306.5,11-Oct-2019
Female,150.217.119.112,deposit,savings,60511.7,03-Oct-2019
Male,84.128.77.209,deposit,savings,721730.01,26-Oct-2019
Male,36.234.224.2,withdraw,checking,131765.12,25-Oct-2019
Female,230.155.151.191,withdraw,checking,427974.43,01-Oct-2019
Female,198.175.98.238,withdraw,savings,868188.48,08-Oct-2019
Female,224.41.236.120,deposit,checking,906563.0,09-Oct-2019
Female,51.112.23.186,withdraw,savings,910454.82,15-Oct-2019
Female,201.45.37.7,deposit,checking,130307.87,14-Oct-2019
Female,208.89.22.111,deposit,checking,560164.25,10-Oct-2019
Male,244.49.89.73,withdraw,checking,815891.05,15-Oct-2019
Male,79.226.100.98,deposit,savings,464217.62,27-Oct-2019
Male,160.108.117.2,deposit,checking,450231.0,24-Oct-2019
Female,110.158.104.108,deposit,savings,937351.3,18-Oct-2019
Male,10.251.172.151,deposit,savings,526720.13,02-Oct-2019
Male,60.11.155.102,withdraw,checking,566756.76,18-Oct-2019
Male,54.174.40.112,deposit,savings,387001.44,18-Oct-2019
Female,77.123.52.148,withdraw,savings,957135.0,11-Oct-2019
Female,216.100.159.145,withdraw,checking,66122.32,28-Oct-2019
Male,162.110.220.192,deposit,savings,252615.45,21-Oct-2019
Male,82.250.171.245,deposit,checking,454640.56,25-Oct-2019
Female,66.139.124.168,withdraw,checking,542309.93,27-Oct-2019
Female,241.6.47.133,deposit,checking,363615.81,11-Oct-2019
Female,112.90.10.195,deposit,checking,229873.0,11-Oct-2019
Female,19.205.113.141,deposit,savings,426756.69,20-Oct-2019
Male,78.99.242.38,withdraw,savings,264736.19,04-Oct-2019
Female,246.82.167.161,deposit,savings,233652.47,02-Oct-2019
Female,130.218.34.30,withdraw,checking,836108.7,02-Oct-2019
Female,43.155.147.134,withdraw,savings,175353.51,14-Oct-2019
Female,145.82.138.29,withdraw,checking,766496.38,26-Oct-2019
Female,124.247.101.111,withdraw,savings,738061.72,26-Oct-2019
Male,72.217.237.162,withdraw,savings,476558.43,03-Oct-2019
Female,224.72.245.248,withdraw,savings,760847.48,05-Oct-2019
Male,235.39.54.40,withdraw,savings,235922.0,05-Oct-2019
Male,135.57.7.246,withdraw,checking,872206.48,22-Oct-2019
Female,75.227.81.52,deposit,savings,696754.35,23-Oct-2019
Female,12.195.241.66,withdraw,savings,92526.47,19-Oct-2019
Male,131.96.19.193,withdraw,savings,358980.05,08-Oct-2019
Female,12.149.51.146,withdraw,checking,208639.71,18-Oct-2019
Female,127.191.239.248,deposit,checking,51292.82,20-Oct-2019
Female,78.58.101.213,deposit,savings,457227.82,28-Oct-2019
Male,165.74.176.102,withdraw,savings,406843.54,20-Oct-2019
Female,186.225.174.167,deposit,savings,662087.45,24-Oct-2019
Male,232.135.145.249,deposit,savings,855829.09,20-Oct-2019
Male,236.145.141.171,withdraw,savings,345017.59,14-Oct-2019
Male,124.113.2.55,withdraw,checking,241228.91,22-Oct-2019
Male,68.54.186.200,deposit,checking,971258.75,06-Oct-2019
Male,231.198.149.141,withdraw,checking,700885.39,25-Oct-2019
Female,111.161.177.198,deposit,savings,802244.37,24-Oct-2019
Male,135.236.117.172,withdraw,checking,142862.06,05-Oct-2019
Male,231.130.196.209,withdraw,checking,421149.27,21-Oct-2019
Male,168.124.215.19,withdraw,savings,611176.95,21-Oct-2019
Male,55.230.225.97,withdraw,checking,142527.92,22-Oct-2019
Male,246.210.144.234,withdraw,savings,461831.05,21-Oct-2019
Male,12.231.170.139,withdraw,savings,155006.55,27-Oct-2019
Female,82.222.163.173,deposit,savings,210139.76,08-Oct-2019
Male,49.182.105.213,withdraw,savings,268519.82,26-Oct-2019
Male,49.118.68.145,withdraw,checking,519909.51,04-Oct-2019
Female,188.143.131.135,withdraw,checking,546345.33,10-Oct-2019
Male,188.242.242.177,withdraw,savings,654641.15,13-Oct-2019
Male,169.229.85.151,withdraw,checking,285336.06,19-Oct-2019
Female,77.144.24.105,withdraw,checking,891706.51,02-Oct-2019
Female,28.115.105.28,withdraw,savings,677155.8,24-Oct-2019
Female,61.2.173.10,withdraw,checking,274757.65,25-Oct-2019
Male,6.179.103.155,withdraw,savings,854604.09,27-Oct-2019
Female,129.249.56.87,withdraw,savings,274969.63,08-Oct-2019
Male,48.217.229.127,withdraw,savings,889227.29,18-Oct-2019
Female,104.228.80.93,withdraw,checking,380681.44,09-Oct-2019
Female,174.166.201.7,deposit,savings,558787.84,12-Oct-2019
Male,51.95.87.151,withdraw,checking,395665.78,28-Oct-2019
Female,39.128.245.182,withdraw,checking,339221.12,05-Oct-2019
Female,172.209.42.57,withdraw,checking,378045.59,06-Oct-2019
Female,200.171.57.134,withdraw,savings,680452.12,18-Oct-2019
Female,70.96.81.62,withdraw,checking,119739.83,02-Oct-2019
Female,249.100.35.144,withdraw,checking,397817.52,22-Oct-2019
Female,66.154.207.1,withdraw,savings,642082.61,08-Oct-2019
Male,171.218.66.131,withdraw,checking,987270.82,22-Oct-2019
Female,146.111.147.172,deposit,savings,854858.5,02-Oct-2019
Female,35.32.181.50,withdraw,savings,744558.96,13-Oct-2019
Female,1.193.203.52,withdraw,checking,907207.13,20-Oct-2019
Male,30.168.190.163,withdraw,checking,304521.92,22-Oct-2019
Female,187.211.158.198,deposit,savings,49006.03,06-Oct-2019
Male,226.164.53.41,withdraw,savings,254116.57,02-Oct-2019
Male,217.242.60.58,deposit,checking,555635.95,11-Oct-2019
Male,255.45.30.159,withdraw,checking,685104.72,01-Oct-2019
Female,217.184.222.104,deposit,savings,161718.66,11-Oct-2019
Male,3.97.45.15,deposit,checking,723170.16,24-Oct-2019
Female,18.188.84.0,withdraw,checking,845714.54,04-Oct-2019
Female,193.66.249.12,withdraw,checking,509956.52,20-Oct-2019
Male,120.172.153.228,deposit,savings,510765.32,13-Oct-2019
Female,74.149.44.14,deposit,checking,695657.32,15-Oct-2019
Male,132.22.125.54,withdraw,savings,39614.1,28-Oct-2019
Female,134.214.104.43,withdraw,savings,998426.33,21-Oct-2019
Male,240.187.23.176,deposit,checking,40349.23,14-Oct-2019
Female,196.188.202.99,deposit,savings,415244.96,21-Oct-2019
Female,54.253.81.122,deposit,checking,829544.0,20-Oct-2019
Female,10.192.110.211,deposit,checking,224364.33,04-Oct-2019
Male,243.178.22.163,deposit,checking,917036.59,03-Oct-2019
Female,66.39.90.30,deposit,savings,672864.0,26-Oct-2019
Male,228.232.107.52,withdraw,savings,274000.01,07-Oct-2019
Female,229.73.74.28,withdraw,savings,930548.22,15-Oct-2019
Female,139.239.174.214,deposit,checking,855348.67,28-Oct-2019
Male,5.62.81.110,withdraw,checking,946037.64,15-Oct-2019
Male,230.173.31.49,withdraw,savings,957735.52,15-Oct-2019
Male,202.159.62.148,withdraw,savings,344872.58,04-Oct-2019
Female,46.62.9.247,withdraw,checking,320126.6,23-Oct-2019
Male,112.68.29.40,withdraw,savings,460718.1,15-Oct-2019
Male,15.95.7.216,deposit,savings,825300.73,22-Oct-2019
Male,41.32.129.48,withdraw,savings,170483.0,22-Oct-2019
Female,248.244.147.97,withdraw,savings,573657.19,23-Oct-2019
Female,239.36.182.125,withdraw,savings,217792.67,16-Oct-2019
Male,117.205.82.214,deposit,savings,621451.17,04-Oct-2019
Female,239.39.61.160,deposit,checking,200318.32,19-Oct-2019
Male,101.49.168.15,withdraw,checking,951378.56,09-Oct-2019
Male,121.170.171.153,withdraw,savings,619035.99,20-Oct-2019
Male,132.37.211.162,withdraw,savings,28806.82,11-Oct-2019
Female,133.31.12.87,deposit,savings,813213.39,22-Oct-2019
Female,10.174.69.193,deposit,savings,856053.31,03-Oct-2019
Male,245.46.195.213,withdraw,checking,472026.01,16-Oct-2019
Female,234.158.91.129,deposit,checking,191268.73,04-Oct-2019
Female,169.187.130.210,withdraw,savings,877547.7,05-Oct-2019
Female,225.134.7.55,withdraw,checking,773161.0,02-Oct-2019
Male,48.166.190.168,withdraw,savings,57705.96,09-Oct-2019
Male,29.205.55.217,withdraw,savings,172810.84,16-Oct-2019
Female,17.40.223.38,deposit,savings,841697.24,04-Oct-2019
Female,230.185.72.50,withdraw,savings,119076.74,06-Oct-2019
Female,136.93.29.45,withdraw,savings,567261.01,19-Oct-2019
Male,85.252.136.3,withdraw,checking,281686.35,05-Oct-2019
Female,30.243.203.131,withdraw,savings,171567.24,21-Oct-2019
Female,215.178.241.166,deposit,checking,738304.51,28-Oct-2019
Male,91.226.230.64,withdraw,checking,334568.83,27-Oct-2019
Female,160.203.99.220,withdraw,savings,673221.51,03-Oct-2019
Male,94.252.57.213,withdraw,checking,491976.1,07-Oct-2019
Female,80.194.75.218,withdraw,savings,593460.96,19-Oct-2019
Male,91.227.115.190,withdraw,checking,843498.7,21-Oct-2019
Female,251.210.117.99,withdraw,savings,872253.99,02-Oct-2019
Female,131.90.105.187,withdraw,checking,220123.36,02-Oct-2019
Male,104.118.76.14,withdraw,checking,162160.35,08-Oct-2019
Male,180.30.189.10,withdraw,checking,41499.55,16-Oct-2019
Male,25.19.82.113,deposit,savings,629420.63,18-Oct-2019
Female,16.98.219.100,deposit,savings,632748.39,17-Oct-2019
Male,103.234.173.211,withdraw,checking,634443.96,12-Oct-2019
Male,12.225.55.102,withdraw,checking,606428.91,07-Oct-2019
Female,228.126.113.73,deposit,checking,934765.33,20-Oct-2019
Female,92.246.73.60,withdraw,savings,969782.62,05-Oct-2019
Male,171.130.138.209,deposit,savings,98613.17,26-Oct-2019
Female,60.170.11.209,deposit,checking,807527.09,07-Oct-2019
Male,137.152.73.103,withdraw,checking,147644.0,13-Oct-2019
Male,15.101.137.67,withdraw,checking,131916.14,10-Oct-2019
Female,248.24.76.156,withdraw,checking,719553.61,19-Oct-2019
Male,35.142.194.117,withdraw,savings,478494.8,20-Oct-2019
Male,222.141.198.174,withdraw,savings,953037.0,08-Oct-2019
Female,111.58.55.231,withdraw,savings,416218.98,13-Oct-2019
Male,166.237.113.136,withdraw,savings,936893.44,11-Oct-2019
Female,227.101.0.139,withdraw,savings,275775.14,24-Oct-2019
Female,168.157.215.145,withdraw,savings,169330.02,16-Oct-2019
Female,101.174.249.65,deposit,savings,261790.15,25-Oct-2019
Female,158.115.156.93,deposit,checking,168337.18,27-Oct-2019
Female,199.179.94.9,withdraw,checking,343371.31,03-Oct-2019
Male,120.133.151.46,withdraw,savings,967694.03,20-Oct-2019
Female,129.110.187.145,withdraw,savings,629426.9,22-Oct-2019
Male,48.223.187.41,withdraw,checking,580859.21,26-Oct-2019
Female,156.65.255.197,withdraw,savings,188618.77,05-Oct-2019
Female,52.170.2.131,withdraw,savings,911315.83,14-Oct-2019
Female,28.105.199.22,withdraw,savings,443786.14,18-Oct-2019
Female,228.106.228.198,deposit,checking,231235.01,03-Oct-2019
Female,252.91.250.110,withdraw,savings,971566.17,16-Oct-2019
Male,176.200.138.96,withdraw,checking,846863.01,13-Oct-2019
Male,110.254.212.94,deposit,savings,891830.81,03-Oct-2019
Male,228.51.175.53,withdraw,checking,930169.0,07-Oct-2019
Male,4.40.21.124,deposit,savings,836185.12,04-Oct-2019
Male,10.165.90.149,withdraw,checking,709245.87,14-Oct-2019
Female,172.117.66.141,withdraw,checking,675855.01,19-Oct-2019
Male,175.121.17.27,withdraw,savings,642185.44,13-Oct-2019
Female,36.190.43.160,withdraw,checking,783733.05,06-Oct-2019
Female,245.208.10.98,deposit,checking,199869.22,28-Oct-2019
Male,201.69.156.62,deposit,savings,682959.15,21-Oct-2019
Male,105.220.227.33,deposit,checking,938872.0,09-Oct-2019
Male,38.1.199.182,withdraw,savings,589914.75,20-Oct-2019
Female,165.87.22.57,withdraw,savings,875130.18,03-Oct-2019
Male,153.37.99.16,withdraw,savings,450802.02,24-Oct-2019
Male,248.81.210.188,withdraw,savings,65918.59,08-Oct-2019
Male,2.60.222.102,deposit,savings,378605.07,03-Oct-2019
Female,212.204.75.64,withdraw,checking,575542.0,08-Oct-2019
Male,248.118.6.92,withdraw,savings,499889.69,24-Oct-2019
Male,197.140.78.243,withdraw,checking,213476.96,15-Oct-2019
Male,166.135.127.24,withdraw,savings,986457.01,28-Oct-2019
Male,237.81.139.217,withdraw,checking,778024.27,12-Oct-2019
Female,128.52.189.87,withdraw,checking,758522.0,24-Oct-2019
Female,110.183.61.98,withdraw,savings,618043.34,15-Oct-2019
Female,179.207.244.137,deposit,savings,992931.31,19-Oct-2019
Male,50.2.244.237,deposit,checking,17046.17,25-Oct-2019
Male,142.177.119.212,withdraw,savings,553203.65,01-Oct-2019
Female,146.111.248.181,withdraw,savings,206810.29,04-Oct-2019
Female,63.108.158.228,deposit,savings,224624.99,12-Oct-2019
Female,237.102.172.84,withdraw,checking,824418.01,28-Oct-2019
Male,35.73.164.100,deposit,savings,25320.31,28-Oct-2019
Male,216.90.219.207,withdraw,savings,176955.34,07-Oct-2019
Male,246.224.209.39,withdraw,checking,910015.19,12-Oct-2019
Male,107.44.8.175,deposit,checking,671644.91,12-Oct-2019
Female,15.95.220.167,deposit,savings,908049.51,06-Oct-2019
Female,43.249.159.77,deposit,checking,612557.61,02-Oct-2019
Male,65.172.136.56,deposit,checking,791621.86,22-Oct-2019
Female,105.122.29.219,deposit,savings,154318.2,22-Oct-2019
Male,130.212.243.72,withdraw,checking,557747.3,18-Oct-2019
Female,28.138.215.103,deposit,savings,475199.0,15-Oct-2019
Female,173.125.102.130,deposit,checking,788229.48,08-Oct-2019
Male,53.249.164.41,withdraw,checking,529106.93,06-Oct-2019
Male,84.227.102.215,withdraw,savings,15781.11,16-Oct-2019
Male,249.239.223.38,withdraw,savings,991398.66,06-Oct-2019
Female,28.227.91.84,withdraw,savings,638711.03,08-Oct-2019
Male,47.178.172.138,withdraw,savings,407901.5,25-Oct-2019
Male,109.146.250.117,deposit,savings,857801.96,24-Oct-2019
Female,167.222.146.144,deposit,savings,995634.2,05-Oct-2019
Male,130.174.60.224,deposit,savings,155790.47,02-Oct-2019
Female,168.129.231.194,deposit,checking,962157.75,19-Oct-2019
Female,102.218.0.80,withdraw,checking,658660.17,09-Oct-2019
Male,234.189.71.232,withdraw,savings,395632.01,12-Oct-2019
Male,58.255.9.75,deposit,checking,439672.41,24-Oct-2019
Male,168.220.167.62,deposit,savings,828187.79,07-Oct-2019
Female,47.38.18.85,deposit,checking,747059.1,07-Oct-2019
Male,241.126.161.238,deposit,savings,197451.17,18-Oct-2019
Male,112.55.117.167,withdraw,savings,214025.26,17-Oct-2019
Female,108.48.147.169,withdraw,checking,22078.64,03-Oct-2019
Male,205.230.99.139,withdraw,savings,564963.1,08-Oct-2019
Female,49.40.249.174,deposit,savings,60375.69,15-Oct-2019
Male,165.246.250.18,withdraw,savings,17463.63,04-Oct-2019
Male,32.107.186.91,deposit,savings,337601.16,15-Oct-2019
Female,127.218.130.25,deposit,checking,850928.27,17-Oct-2019
Male,221.234.117.174,withdraw,savings,35636.6,25-Oct-2019
Female,218.48.151.73,withdraw,checking,406880.15,26-Oct-2019
Female,78.108.129.135,withdraw,savings,917029.49,09-Oct-2019
Female,212.36.113.187,withdraw,savings,871599.04,26-Oct-2019
Male,8.57.169.118,withdraw,savings,687406.93,27-Oct-2019
Female,38.197.118.90,withdraw,checking,555787.96,06-Oct-2019
Male,142.246.152.43,withdraw,savings,65849.9,05-Oct-2019
Male,206.44.65.226,withdraw,checking,670363.47,24-Oct-2019
Male,220.79.241.183,deposit,checking,337751.01,04-Oct-2019
Female,29.76.61.182,withdraw,savings,607558.42,15-Oct-2019
Female,47.95.22.49,withdraw,checking,918886.0,06-Oct-2019
Female,224.65.87.62,withdraw,checking,187425.39,12-Oct-2019
Male,247.68.2.75,withdraw,savings,202118.52,05-Oct-2019
Female,104.47.13.246,withdraw,savings,741555.43,04-Oct-2019
Male,211.217.163.101,deposit,checking,538350.57,20-Oct-2019
Male,150.174.174.239,withdraw,checking,747448.59,22-Oct-2019
Male,147.112.81.76,withdraw,savings,181294.38,04-Oct-2019
Male,9.141.196.116,withdraw,savings,409191.48,20-Oct-2019
Female,201.28.12.134,withdraw,checking,578345.96,27-Oct-2019
Male,232.216.4.82,deposit,savings,785255.28,22-Oct-2019
Female,73.64.227.34,withdraw,checking,382386.03,17-Oct-2019
Male,122.68.153.141,withdraw,checking,911738.47,16-Oct-2019
Female,109.193.242.46,withdraw,checking,732811.32,09-Oct-2019
Female,186.72.188.84,withdraw,checking,828699.27,08-Oct-2019
Female,238.83.90.105,withdraw,savings,488184.13,26-Oct-2019
Male,82.60.117.231,withdraw,savings,615668.51,20-Oct-2019
Male,194.126.160.37,deposit,checking,995115.7,26-Oct-2019
Female,91.205.177.61,withdraw,savings,962337.31,03-Oct-2019
Male,253.89.50.95,withdraw,savings,462885.44,10-Oct-2019
Male,166.168.107.12,deposit,checking,660156.18,18-Oct-2019
Male,209.206.117.181,withdraw,savings,448185.39,24-Oct-2019
Female,232.70.152.80,withdraw,savings,585707.61,27-Oct-2019
Male,101.196.11.169,withdraw,savings,545871.57,18-Oct-2019
Male,165.184.38.126,withdraw,savings,589356.6,18-Oct-2019
Male,72.14.23.193,withdraw,checking,260773.34,04-Oct-2019
Female,163.94.4.138,deposit,checking,128779.22,19-Oct-2019
Male,42.144.219.58,withdraw,checking,41053.19,08-Oct-2019
Female,81.87.32.68,withdraw,checking,765198.08,20-Oct-2019
Female,28.92.18.158,withdraw,checking,526605.15,26-Oct-2019
Male,150.170.142.95,withdraw,checking,765138.46,01-Oct-2019
Male,91.147.142.70,deposit,savings,453124.06,24-Oct-2019
Female,166.89.3.223,withdraw,checking,11433.38,17-Oct-2019
Male,215.1.226.217,withdraw,savings,435339.9,06-Oct-2019
Male,192.0.190.40,deposit,checking,746781.28,11-Oct-2019
Female,99.216.18.137,deposit,savings,714003.0,18-Oct-2019
Female,204.8.189.155,deposit,checking,226910.57,02-Oct-2019
Male,74.122.89.40,deposit,checking,557345.06,04-Oct-2019
Female,192.179.162.225,withdraw,checking,540663.0,11-Oct-2019
Male,136.254.242.47,withdraw,checking,124732.69,17-Oct-2019
Female,36.217.23.180,withdraw,checking,821616.22,09-Oct-2019
Male,169.9.28.18,withdraw,checking,708448.78,11-Oct-2019
Female,38.221.29.250,deposit,savings,630619.17,07-Oct-2019
Male,28.241.146.112,withdraw,savings,537530.34,16-Oct-2019
Male,13.118.226.167,deposit,checking,265642.0,01-Oct-2019
Male,143.170.85.227,withdraw,checking,111605.02,20-Oct-2019
Female,155.2.193.113,withdraw,checking,639889.06,17-Oct-2019
Female,150.161.39.194,withdraw,savings,27720.47,22-Oct-2019
Female,47.233.31.162,withdraw,savings,983521.16,03-Oct-2019
Male,141.42.222.217,deposit,checking,597315.0,15-Oct-2019
Male,98.216.37.189,withdraw,savings,637721.46,16-Oct-2019
Male,35.79.182.236,withdraw,savings,731060.29,01-Oct-2019
Male,160.2.122.188,withdraw,checking,500466.15,12-Oct-2019
Male,96.190.63.34,withdraw,checking,526022.98,07-Oct-2019
Male,152.218.211.238,deposit,checking,906027.02,18-Oct-2019
Male,204.133.176.83,withdraw,savings,434550.3,11-Oct-2019
Male,236.32.48.216,withdraw,checking,973090.47,24-Oct-2019
Female,101.45.241.233,withdraw,checking,574512.44,09-Oct-2019
Male,62.192.241.66,withdraw,checking,880439.55,15-Oct-2019
Male,229.212.47.180,withdraw,savings,924137.32,27-Oct-2019
Male,254.134.133.143,deposit,savings,502982.61,08-Oct-2019
Male,61.152.48.43,withdraw,savings,925377.0,19-Oct-2019
Male,149.184.136.28,withdraw,checking,655306.9,05-Oct-2019
Male,152.141.224.188,withdraw,checking,132304.1,17-Oct-2019
Female,215.155.20.134,deposit,checking,85099.23,11-Oct-2019
Male,213.195.193.167,deposit,checking,206252.39,10-Oct-2019
Male,113.95.158.198,deposit,savings,182938.46,02-Oct-2019
Female,12.141.178.226,withdraw,checking,496756.28,25-Oct-2019
Male,73.7.140.38,deposit,savings,652420.45,16-Oct-2019
Male,244.24.205.79,deposit,checking,932988.92,09-Oct-2019
Female,106.190.4.90,deposit,savings,255345.67,23-Oct-2019
Female,252.99.144.10,deposit,checking,461939.39,13-Oct-2019
Male,251.139.255.198,withdraw,savings,170710.38,05-Oct-2019
Female,3.164.146.200,deposit,savings,707590.29,02-Oct-2019
Male,229.144.142.45,withdraw,checking,777531.49,04-Oct-2019
Female,165.112.209.183,withdraw,savings,543108.59,07-Oct-2019
Female,31.170.100.92,withdraw,savings,775752.69,07-Oct-2019
Female,33.84.104.139,withdraw,checking,997546.89,09-Oct-2019
Male,123.169.220.193,deposit,checking,571783.68,04-Oct-2019
Male,173.175.217.134,deposit,checking,913402.0,23-Oct-2019
Male,4.20.126.179,deposit,checking,505076.97,13-Oct-2019
Female,129.102.233.22,withdraw,savings,163750.98,09-Oct-2019
Female,29.99.186.102,withdraw,savings,466160.29,06-Oct-2019
Male,72.56.250.116,withdraw,checking,628835.22,11-Oct-2019
Female,214.92.120.237,deposit,checking,112912.0,08-Oct-2019
Male,29.168.125.3,withdraw,savings,811725.79,10-Oct-2019
Male,159.201.71.102,deposit,checking,999260.35,26-Oct-2019
Male,44.147.59.213,withdraw,savings,460804.34,25-Oct-2019
Male,197.174.246.251,withdraw,savings,98557.23,28-Oct-2019
Male,136.134.208.12,withdraw,savings,583779.96,24-Oct-2019
Female,56.69.97.250,withdraw,checking,224515.74,01-Oct-2019
Female,48.173.122.129,deposit,savings,910633.73,09-Oct-2019
Male,208.70.255.222,deposit,checking,557924.87,14-Oct-2019
Male,227.70.179.214,withdraw,checking,873687.01,10-Oct-2019
Male,93.99.222.22,withdraw,checking,62357.41,15-Oct-2019
Male,199.37.0.127,deposit,savings,267891.9,05-Oct-2019
Male,218.75.179.206,withdraw,savings,989644.65,11-Oct-2019
Male,6.255.213.199,withdraw,checking,71969.98,04-Oct-2019
Female,189.176.166.98,deposit,savings,605414.58,20-Oct-2019
Female,24.194.154.171,withdraw,checking,24445.91,13-Oct-2019
Male,187.188.13.181,deposit,checking,685014.61,28-Oct-2019
Male,27.98.88.105,withdraw,savings,119828.07,23-Oct-2019
Female,55.70.155.102,deposit,savings,327618.16,06-Oct-2019
Male,223.83.41.252,deposit,checking,96517.98,03-Oct-2019
Male,160.146.32.227,deposit,savings,602336.29,27-Oct-2019
Male,73.203.170.159,withdraw,savings,911210.49,23-Oct-2019
Female,96.128.77.216,withdraw,checking,293500.52,16-Oct-2019
Female,83.131.160.246,withdraw,checking,379986.62,12-Oct-2019
Male,172.42.202.46,withdraw,savings,668229.1,14-Oct-2019
Male,94.209.0.89,withdraw,savings,913124.42,17-Oct-2019
Male,10.31.137.169,deposit,savings,404976.57,05-Oct-2019
Female,25.135.74.17,withdraw,checking,385231.55,03-Oct-2019
Female,83.167.3.29,withdraw,checking,437376.03,25-Oct-2019
Female,219.62.75.77,withdraw,savings,465589.31,20-Oct-2019
Male,39.168.80.3,deposit,checking,39949.35,10-Oct-2019
Female,204.91.127.64,withdraw,savings,688457.12,20-Oct-2019
Male,233.170.228.31,withdraw,checking,706198.71,20-Oct-2019
Male,191.56.0.106,deposit,savings,658815.74,12-Oct-2019
Male,225.7.176.228,withdraw,checking,477253.7,05-Oct-2019
Male,43.23.13.126,withdraw,savings,751939.31,14-Oct-2019
Male,174.42.121.72,withdraw,checking,330583.72,15-Oct-2019
Female,252.21.97.226,withdraw,savings,750832.51,27-Oct-2019
Female,82.21.116.207,deposit,checking,432537.58,08-Oct-2019
Female,206.155.199.121,withdraw,checking,747990.99,02-Oct-2019
Female,124.241.187.47,withdraw,checking,124595.58,16-Oct-2019
Female,26.133.105.199,deposit,checking,399286.24,10-Oct-2019
Female,249.108.222.136,withdraw,savings,195368.02,28-Oct-2019
Male,55.248.87.246,deposit,savings,174903.44,04-Oct-2019
Male,43.212.95.30,withdraw,checking,141935.12,16-Oct-2019
Male,88.151.182.130,withdraw,checking,514221.22,11-Oct-2019
Female,117.211.19.109,deposit,checking,251729.97,17-Oct-2019
Female,185.115.125.125,deposit,savings,315835.08,03-Oct-2019
Male,242.53.177.60,withdraw,savings,16454.4,25-Oct-2019
Male,58.201.243.110,withdraw,savings,840875.63,14-Oct-2019
Female,240.223.97.182,deposit,checking,897245.95,20-Oct-2019
Female,185.134.177.221,deposit,savings,371811.65,04-Oct-2019
Female,239.127.20.146,deposit,savings,910411.25,12-Oct-2019
Male,34.5.205.213,withdraw,checking,746102.76,18-Oct-2019
Female,8.9.16.9,deposit,savings,597683.31,25-Oct-2019
Female,146.13.47.161,withdraw,checking,249287.96,08-Oct-2019
Female,60.137.176.144,withdraw,savings,66238.19,25-Oct-2019
Female,127.51.102.73,withdraw,savings,203634.49,24-Oct-2019
Male,232.142.134.48,deposit,checking,72767.5,24-Oct-2019
Male,42.17.91.131,withdraw,checking,886916.74,14-Oct-2019
Male,209.8.30.68,deposit,checking,692935.71,13-Oct-2019
Male,188.104.140.63,withdraw,checking,458246.39,12-Oct-2019
Male,106.81.228.9,withdraw,checking,858339.46,27-Oct-2019
Female,40.14.101.121,deposit,savings,171386.28,28-Oct-2019
Female,85.6.142.252,withdraw,checking,806185.15,01-Oct-2019
Female,34.55.223.45,withdraw,savings,443869.1,12-Oct-2019
Female,11.100.135.28,withdraw,checking,845141.39,25-Oct-2019
Female,81.183.243.118,withdraw,checking,215992.52,07-Oct-2019
Male,174.142.1.144,deposit,savings,466792.11,03-Oct-2019
Male,14.178.213.135,deposit,checking,230186.15,20-Oct-2019
Male,249.16.72.29,withdraw,checking,119370.28,09-Oct-2019
Female,214.28.172.63,withdraw,checking,850465.92,28-Oct-2019
Male,167.64.239.194,withdraw,checking,70007.54,17-Oct-2019
Male,63.94.226.113,withdraw,checking,248968.33,10-Oct-2019
Male,37.211.79.224,deposit,savings,91441.45,23-Oct-2019
Female,63.146.186.57,withdraw,savings,468937.33,08-Oct-2019
Male,44.49.205.180,withdraw,checking,43448.45,10-Oct-2019
Male,227.40.18.46,withdraw,savings,687314.2,09-Oct-2019
Male,232.112.26.229,deposit,checking,368473.09,17-Oct-2019
Female,72.147.68.15,withdraw,checking,344502.5,06-Oct-2019
Male,165.100.52.114,deposit,savings,469143.97,05-Oct-2019
Male,245.13.228.103,withdraw,checking,719418.68,11-Oct-2019
Male,43.249.99.13,deposit,checking,675148.78,14-Oct-2019
Male,167.207.21.96,withdraw,checking,263513.42,23-Oct-2019
Male,152.217.27.30,withdraw,savings,151294.59,16-Oct-2019
Female,211.196.87.137,deposit,savings,271148.32,06-Oct-2019
Male,253.12.75.32,withdraw,savings,976182.84,16-Oct-2019
Female,168.123.197.154,withdraw,checking,127376.16,04-Oct-2019
Female,152.77.169.110,deposit,checking,356024.83,15-Oct-2019
Female,144.230.188.61,withdraw,savings,396839.86,04-Oct-2019
Male,185.240.211.6,withdraw,savings,789980.0,06-Oct-2019
Male,156.235.247.175,withdraw,checking,728263.71,21-Oct-2019
Female,224.49.193.229,withdraw,checking,395398.55,20-Oct-2019
Male,165.9.168.47,deposit,savings,655914.73,04-Oct-2019
Female,174.233.57.179,withdraw,checking,798314.87,03-Oct-2019
Female,11.63.199.203,withdraw,checking,564487.37,01-Oct-2019
Female,53.2.227.66,deposit,savings,272321.66,26-Oct-2019
Female,245.25.123.123,deposit,savings,831939.28,09-Oct-2019
Male,17.38.208.110,withdraw,checking,187091.07,22-Oct-2019
Male,191.201.237.115,withdraw,savings,330239.48,21-Oct-2019
Female,47.95.231.81,withdraw,checking,59210.08,22-Oct-2019
Female,197.46.50.111,deposit,savings,857000.26,16-Oct-2019
Male,94.173.121.184,withdraw,savings,67240.13,27-Oct-2019
Male,144.232.77.202,withdraw,savings,161123.74,20-Oct-2019
Female,82.124.86.219,withdraw,savings,624755.3,16-Oct-2019
Male,102.134.137.94,withdraw,checking,249890.04,11-Oct-2019
Female,168.116.45.48,withdraw,savings,344766.6,10-Oct-2019
Male,230.124.140.188,withdraw,checking,367689.15,26-Oct-2019
Male,114.189.94.77,withdraw,savings,618467.56,18-Oct-2019
Female,3.42.236.193,withdraw,savings,983190.06,11-Oct-2019
Female,161.106.161.69,withdraw,savings,507808.12,04-Oct-2019
Male,250.87.106.0,withdraw,checking,501950.02,08-Oct-2019
Male,168.25.131.139,withdraw,savings,170970.92,14-Oct-2019
Female,249.40.34.222,deposit,checking,174297.39,17-Oct-2019
Female,126.34.31.45,withdraw,checking,119838.1,02-Oct-2019
Female,223.127.52.99,withdraw,checking,639959.0,27-Oct-2019
Male,176.158.103.222,withdraw,savings,371715.35,13-Oct-2019
Female,72.47.60.81,withdraw,checking,934675.62,26-Oct-2019
Female,28.241.76.116,deposit,checking,288309.1,15-Oct-2019
Female,108.152.241.136,withdraw,checking,689737.02,27-Oct-2019
Male,92.97.223.23,deposit,savings,681221.93,18-Oct-2019
Female,78.90.212.141,deposit,savings,501677.35,06-Oct-2019
Female,226.136.106.25,withdraw,savings,412663.7,15-Oct-2019
Female,194.102.57.40,withdraw,checking,266212.19,06-Oct-2019
Male,95.246.252.161,deposit,savings,366964.43,25-Oct-2019
Female,154.232.166.148,deposit,checking,336375.56,04-Oct-2019
Female,93.230.185.89,withdraw,savings,314168.73,03-Oct-2019
Male,97.195.112.146,withdraw,checking,344143.16,18-Oct-2019
Male,84.61.174.107,withdraw,checking,636367.13,22-Oct-2019
Male,191.228.124.86,deposit,savings,95653.04,20-Oct-2019
Male,14.57.248.122,withdraw,savings,431844.84,19-Oct-2019
Male,169.189.166.120,withdraw,savings,652334.11,26-Oct-2019
Female,131.184.73.254,withdraw,checking,157349.39,01-Oct-2019
Male,82.119.86.15,deposit,checking,708303.06,05-Oct-2019
Male,133.203.110.30,withdraw,checking,69363.11,03-Oct-2019
Female,89.202.213.122,withdraw,savings,358932.62,20-Oct-2019
Male,145.181.198.137,withdraw,savings,166182.51,19-Oct-2019
Female,235.12.67.250,deposit,checking,766494.74,12-Oct-2019
Male,139.180.154.35,withdraw,checking,558589.03,23-Oct-2019
Male,147.150.245.95,withdraw,checking,763424.46,24-Oct-2019
Female,159.153.199.179,withdraw,checking,393317.66,25-Oct-2019
Male,34.187.132.126,withdraw,savings,456798.0,02-Oct-2019
Male,217.166.228.69,withdraw,checking,261809.72,03-Oct-2019
Female,225.206.104.11,withdraw,savings,33660.53,06-Oct-2019
Female,74.185.179.252,deposit,savings,329697.74,06-Oct-2019
Female,50.232.1.138,withdraw,savings,137783.17,16-Oct-2019
Male,255.131.60.176,withdraw,checking,617385.19,04-Oct-2019
Female,176.100.247.170,withdraw,checking,750651.52,12-Oct-2019
Female,3.165.114.20,withdraw,savings,564453.09,13-Oct-2019
Female,34.41.170.233,deposit,savings,166607.6,28-Oct-2019
Female,105.150.146.66,withdraw,savings,325748.0,14-Oct-2019
Male,144.250.148.37,deposit,checking,492171.33,25-Oct-2019
Male,176.29.120.190,deposit,checking,196453.76,14-Oct-2019
Male,246.230.151.9,deposit,checking,762583.86,14-Oct-2019
Female,153.75.153.90,deposit,savings,82491.41,05-Oct-2019
Male,91.112.102.56,withdraw,savings,174817.04,07-Oct-2019
Female,223.43.218.50,deposit,checking,116770.25,26-Oct-2019
Male,42.65.112.205,withdraw,checking,746239.2,08-Oct-2019
Female,7.184.166.231,withdraw,savings,449263.63,25-Oct-2019
Male,145.243.88.70,deposit,savings,702001.07,21-Oct-2019
Female,89.90.100.28,deposit,savings,929526.67,28-Oct-2019
Male,32.213.51.194,withdraw,checking,912591.15,06-Oct-2019
Female,82.14.62.48,withdraw,checking,271645.04,18-Oct-2019
Male,157.243.43.27,deposit,checking,200785.75,23-Oct-2019
Female,22.152.170.136,deposit,checking,647659.82,21-Oct-2019
Male,253.119.228.144,withdraw,checking,863804.0,15-Oct-2019
Male,92.22.214.130,withdraw,checking,371451.6,04-Oct-2019
Female,105.78.158.224,deposit,savings,174257.74,05-Oct-2019
Female,221.243.95.149,withdraw,savings,402491.85,22-Oct-2019
Male,192.12.27.165,withdraw,checking,199986.09,15-Oct-2019
Male,243.212.88.122,deposit,savings,222902.02,25-Oct-2019
Female,222.245.169.77,deposit,savings,549472.26,08-Oct-2019
Male,81.203.198.203,deposit,savings,824212.12,25-Oct-2019
Female,162.55.92.210,withdraw,savings,532597.38,22-Oct-2019
Female,221.194.245.99,withdraw,checking,981212.23,08-Oct-2019
Male,149.177.13.101,deposit,checking,523605.2,18-Oct-2019
Female,150.139.209.103,withdraw,checking,410393.83,02-Oct-2019
Female,207.181.1.160,withdraw,savings,41968.32,04-Oct-2019
Male,190.227.189.1,deposit,checking,455270.92,15-Oct-2019
Female,224.100.215.175,withdraw,checking,312649.42,14-Oct-2019
Female,146.219.129.195,deposit,savings,72184.46,10-Oct-2019
Male,198.49.33.137,deposit,savings,446115.47,04-Oct-2019
Female,240.93.63.79,deposit,checking,978879.97,11-Oct-2019
Male,223.197.70.227,withdraw,checking,752636.2,01-Oct-2019
Male,212.221.138.88,withdraw,savings,780927.52,09-Oct-2019
Female,106.54.6.39,withdraw,checking,298244.63,04-Oct-2019
Female,87.65.255.69,withdraw,savings,242007.97,26-Oct-2019
Female,255.11.203.7,withdraw,savings,30780.81,02-Oct-2019
Female,86.80.177.140,withdraw,savings,694955.67,09-Oct-2019
Male,27.179.46.156,deposit,checking,751626.0,15-Oct-2019
Female,184.95.85.242,deposit,savings,449899.9,24-Oct-2019
Male,183.251.153.243,withdraw,savings,591107.49,14-Oct-2019
Female,5.5.177.223,withdraw,savings,186415.0,04-Oct-2019
Female,63.46.48.6,deposit,checking,857651.4,16-Oct-2019
Female,174.80.100.159,withdraw,savings,661218.85,02-Oct-2019
Female,144.126.245.181,deposit,checking,293752.22,07-Oct-2019
Male,204.83.245.123,deposit,checking,448727.37,18-Oct-2019
Male,31.30.54.222,deposit,savings,56593.42,03-Oct-2019
Female,213.7.160.245,withdraw,checking,797102.85,06-Oct-2019
Male,179.82.203.232,withdraw,checking,854326.66,05-Oct-2019
Male,113.117.116.84,deposit,checking,680664.19,21-Oct-2019
Male,196.110.209.151,withdraw,checking,225557.48,21-Oct-2019
Male,68.244.65.83,withdraw,savings,591201.87,26-Oct-2019
Male,115.25.221.55,withdraw,checking,803645.66,20-Oct-2019
Female,137.42.17.22,withdraw,checking,155529.25,21-Oct-2019
Female,174.89.0.240,deposit,savings,469986.33,15-Oct-2019
Male,91.176.248.143,withdraw,checking,821373.24,24-Oct-2019
Male,198.247.187.199,withdraw,checking,754159.74,07-Oct-2019
Male,27.110.184.98,deposit,checking,750069.72,25-Oct-2019
Male,26.199.150.11,deposit,savings,828292.9,03-Oct-2019
Female,241.170.39.128,deposit,savings,215801.33,17-Oct-2019
Female,156.217.97.175,withdraw,savings,344459.28,22-Oct-2019
Male,118.179.1.91,withdraw,savings,898614.0,04-Oct-2019
Female,126.224.191.115,withdraw,checking,578327.0,25-Oct-2019
Female,46.173.32.157,withdraw,savings,156092.6,16-Oct-2019
Male,79.174.23.203,withdraw,checking,374384.49,10-Oct-2019
Female,142.211.169.189,withdraw,checking,511592.7,05-Oct-2019
Male,68.71.156.240,withdraw,savings,986547.42,08-Oct-2019
Female,69.143.126.250,deposit,checking,181078.12,24-Oct-2019
Male,108.65.9.200,withdraw,checking,793890.36,04-Oct-2019
Male,207.245.233.140,withdraw,savings,814569.0,10-Oct-2019
Female,139.143.218.4,deposit,savings,135890.18,17-Oct-2019
Male,29.92.43.95,withdraw,savings,438596.54,05-Oct-2019
Male,60.241.50.214,withdraw,checking,323986.36,09-Oct-2019
Male,178.238.234.29,withdraw,savings,489439.28,19-Oct-2019
Female,149.6.98.70,withdraw,checking,923902.47,08-Oct-2019
Female,31.53.106.93,withdraw,checking,761225.83,17-Oct-2019
Male,252.85.188.102,withdraw,savings,191877.75,28-Oct-2019
Male,118.177.166.107,withdraw,checking,104085.23,02-Oct-2019
Male,109.250.19.221,withdraw,checking,578570.54,05-Oct-2019
Male,191.50.127.210,withdraw,checking,549460.44,07-Oct-2019
Male,29.186.144.144,withdraw,checking,162835.9,07-Oct-2019
Male,103.211.73.133,withdraw,savings,567614.97,13-Oct-2019
Male,162.21.176.103,withdraw,savings,291045.7,04-Oct-2019
Female,140.37.245.10,withdraw,checking,401181.92,11-Oct-2019
Female,193.196.105.254,withdraw,checking,816817.62,13-Oct-2019
Male,23.208.99.131,withdraw,savings,690038.61,25-Oct-2019
Male,250.97.93.48,deposit,savings,49974.47,15-Oct-2019
Male,173.113.123.111,withdraw,savings,814056.87,20-Oct-2019
Female,173.47.112.133,withdraw,savings,450793.53,21-Oct-2019
Female,215.3.129.20,withdraw,checking,922703.49,23-Oct-2019
Female,78.150.153.143,withdraw,checking,102498.47,28-Oct-2019
Female,91.209.72.21,withdraw,checking,411358.75,25-Oct-2019
Male,196.114.99.218,withdraw,savings,898999.87,12-Oct-2019
Male,200.255.167.229,deposit,checking,17766.78,13-Oct-2019
Male,37.154.26.179,deposit,checking,369188.9,19-Oct-2019
Male,116.148.63.61,withdraw,savings,876973.57,28-Oct-2019
Male,202.90.42.7,withdraw,checking,543309.76,05-Oct-2019
Male,35.131.73.52,withdraw,savings,350287.47,07-Oct-2019
Female,70.237.2.148,withdraw,checking,614334.63,19-Oct-2019
Male,227.30.239.21,deposit,checking,773048.23,19-Oct-2019
Female,60.245.32.73,deposit,checking,56190.28,12-Oct-2019
Female,2.218.40.17,deposit,checking,326501.38,11-Oct-2019
Female,25.187.185.113,withdraw,checking,506589.02,24-Oct-2019
Female,43.45.144.75,deposit,savings,236177.78,22-Oct-2019
Male,220.0.214.208,withdraw,checking,452333.11,13-Oct-2019
Male,117.50.179.229,withdraw,savings,65387.88,08-Oct-2019
Female,182.42.4.162,withdraw,savings,246787.58,17-Oct-2019
Male,30.133.204.20,withdraw,savings,910184.18,18-Oct-2019
Female,4.194.73.215,withdraw,checking,57556.9,06-Oct-2019
Female,246.18.164.124,withdraw,checking,123530.23,22-Oct-2019
Female,245.22.60.238,deposit,savings,84391.36,27-Oct-2019
Female,139.201.129.220,withdraw,savings,929510.41,07-Oct-2019
Male,145.89.155.143,withdraw,checking,583867.91,22-Oct-2019
Male,152.42.65.51,deposit,savings,610612.98,24-Oct-2019
Male,69.202.145.22,withdraw,checking,160019.98,14-Oct-2019
Female,109.236.75.82,withdraw,checking,370994.27,02-Oct-2019
Female,223.174.136.197,withdraw,savings,45746.24,12-Oct-2019
Male,110.132.112.83,withdraw,savings,587709.92,10-Oct-2019
Male,51.143.248.73,withdraw,checking,205086.46,23-Oct-2019
Female,234.133.42.237,withdraw,checking,618348.05,15-Oct-2019
Male,188.146.240.252,withdraw,savings,649481.13,03-Oct-2019
Male,150.154.229.231,withdraw,checking,758937.78,02-Oct-2019
Female,55.176.26.209,deposit,savings,984020.5,05-Oct-2019
Female,150.222.157.160,withdraw,savings,519238.32,02-Oct-2019
Male,126.171.164.133,withdraw,savings,569776.79,01-Oct-2019
Male,54.45.247.68,deposit,checking,403068.8,11-Oct-2019
Male,88.114.165.20,withdraw,savings,501445.8,23-Oct-2019
Female,6.219.15.22,deposit,savings,768945.8,05-Oct-2019
Female,36.167.215.112,withdraw,checking,219283.06,03-Oct-2019
Male,187.125.220.50,withdraw,checking,617292.59,24-Oct-2019
Male,202.81.241.174,deposit,savings,59488.71,27-Oct-2019
Male,5.137.157.217,withdraw,checking,374292.61,06-Oct-2019
Female,184.173.4.119,withdraw,savings,352877.18,02-Oct-2019
Male,63.189.21.13,withdraw,checking,268008.04,13-Oct-2019
Female,116.0.148.134,withdraw,checking,775297.58,09-Oct-2019
Male,143.97.217.246,withdraw,savings,226813.39,22-Oct-2019
Female,246.55.248.163,withdraw,savings,331730.55,19-Oct-2019
Male,131.169.198.63,deposit,checking,208580.51,11-Oct-2019
Male,155.92.142.225,deposit,savings,823682.87,26-Oct-2019
Female,100.66.240.160,deposit,checking,91754.39,06-Oct-2019
Female,206.32.160.66,deposit,savings,463881.21,15-Oct-2019
Male,145.175.138.219,deposit,savings,874395.7,02-Oct-2019
Male,145.214.195.136,withdraw,checking,469669.03,23-Oct-2019
Male,203.56.93.175,withdraw,checking,829283.01,28-Oct-2019
Male,168.86.248.180,deposit,checking,77929.93,21-Oct-2019
Male,254.116.233.58,withdraw,checking,397290.51,23-Oct-2019
Male,25.91.87.34,withdraw,checking,451234.95,01-Oct-2019
Female,230.235.49.251,withdraw,savings,65201.5,01-Oct-2019
Female,169.166.125.18,withdraw,savings,208292.67,05-Oct-2019
Female,147.222.25.187,withdraw,checking,780475.01,26-Oct-2019
Female,118.157.162.6,withdraw,savings,427287.87,14-Oct-2019
Male,2.113.155.14,withdraw,savings,265060.34,21-Oct-2019
Female,63.196.244.184,withdraw,checking,109283.14,20-Oct-2019
Male,145.228.16.70,deposit,checking,547202.59,12-Oct-2019
Female,119.116.96.232,withdraw,checking,562910.27,15-Oct-2019
Female,30.249.159.13,withdraw,savings,871247.21,19-Oct-2019
Female,240.108.222.178,deposit,checking,356297.55,05-Oct-2019
Female,110.217.183.117,withdraw,savings,214543.68,05-Oct-2019
Male,195.62.122.128,withdraw,checking,580102.89,05-Oct-2019
Male,82.248.57.155,withdraw,savings,276216.66,01-Oct-2019
Female,92.34.214.193,deposit,checking,327610.08,21-Oct-2019
Male,172.129.101.234,deposit,checking,915233.9,12-Oct-2019
Male,33.241.89.220,deposit,savings,234623.24,02-Oct-2019
Female,197.228.17.188,deposit,checking,650308.85,19-Oct-2019
Female,132.156.152.162,withdraw,savings,986263.0,06-Oct-2019
Male,63.117.181.85,withdraw,checking,80436.36,23-Oct-2019
Female,153.249.72.54,withdraw,checking,734745.26,16-Oct-2019
Female,172.74.242.214,withdraw,checking,640329.47,22-Oct-2019
Male,214.203.145.231,withdraw,savings,984724.73,22-Oct-2019
Female,20.150.119.67,withdraw,savings,981000.21,04-Oct-2019
Female,172.87.90.210,withdraw,savings,528963.0,07-Oct-2019
Male,187.10.202.35,withdraw,savings,960528.96,24-Oct-2019
Male,17.228.92.138,deposit,checking,156451.41,09-Oct-2019
Female,228.15.26.204,withdraw,checking,409275.42,06-Oct-2019
Male,245.186.239.163,withdraw,checking,282333.38,01-Oct-2019
Male,46.146.248.78,withdraw,checking,878867.13,24-Oct-2019
Male,67.127.235.63,deposit,savings,872240.66,16-Oct-2019
Female,214.137.207.42,withdraw,savings,451980.01,04-Oct-2019
Male,137.205.31.236,withdraw,checking,645502.81,02-Oct-2019
Male,130.33.132.39,deposit,checking,398012.22,02-Oct-2019
Female,42.237.207.167,withdraw,checking,311340.48,19-Oct-2019
Female,203.130.89.119,deposit,checking,829404.89,12-Oct-2019
Female,94.112.104.85,withdraw,checking,145450.32,11-Oct-2019
Male,28.8.3.174,withdraw,checking,261657.83,15-Oct-2019
Male,205.162.164.203,withdraw,savings,373725.83,03-Oct-2019
Female,155.195.183.220,withdraw,checking,990970.71,18-Oct-2019
Male,149.229.188.169,withdraw,checking,35739.12,01-Oct-2019
Female,148.226.69.67,withdraw,savings,757969.06,09-Oct-2019
Male,7.132.221.144,deposit,checking,320333.88,07-Oct-2019
Male,198.112.102.95,withdraw,checking,363031.41,26-Oct-2019
Female,233.118.101.81,withdraw,savings,879917.13,14-Oct-2019
Female,105.26.188.3,withdraw,savings,455461.69,16-Oct-2019
Male,177.206.200.0,deposit,checking,977966.23,01-Oct-2019
Male,228.43.44.95,deposit,savings,556687.42,16-Oct-2019
Female,75.179.225.141,withdraw,checking,320410.72,07-Oct-2019
Female,253.72.45.74,deposit,savings,19228.86,04-Oct-2019
Female,252.136.88.73,deposit,savings,468342.54,19-Oct-2019
Male,229.89.145.69,deposit,savings,537498.26,10-Oct-2019
Female,87.229.71.65,withdraw,savings,319784.99,28-Oct-2019
Female,61.25.117.227,withdraw,savings,700244.21,21-Oct-2019
Male,90.74.126.58,withdraw,checking,410613.77,28-Oct-2019
Female,133.12.216.122,withdraw,savings,738308.62,20-Oct-2019
Male,68.111.165.116,withdraw,checking,177797.63,19-Oct-2019
Male,197.213.122.64,withdraw,savings,859419.42,15-Oct-2019
Male,135.47.116.120,withdraw,checking,678820.34,04-Oct-2019
Female,202.105.179.49,withdraw,checking,593406.73,11-Oct-2019
Male,52.199.170.104,withdraw,savings,826807.24,14-Oct-2019
Female,179.162.92.86,withdraw,savings,520335.16,26-Oct-2019
Male,191.252.93.89,withdraw,savings,842582.64,17-Oct-2019
Male,180.111.216.63,deposit,checking,886413.83,27-Oct-2019
Female,170.15.3.24,withdraw,savings,214950.73,27-Oct-2019
Female,128.215.140.224,withdraw,savings,524759.6,22-Oct-2019
Male,195.31.82.213,withdraw,checking,584896.79,19-Oct-2019
Male,200.143.126.240,withdraw,checking,161214.64,13-Oct-2019
Female,124.231.212.185,deposit,savings,426401.27,19-Oct-2019
Male,86.50.67.204,withdraw,savings,433233.76,27-Oct-2019
Female,77.95.88.22,deposit,checking,290177.58,14-Oct-2019
Male,232.242.120.208,withdraw,savings,453399.41,13-Oct-2019
Male,239.43.60.111,deposit,checking,827532.23,02-Oct-2019
Male,166.27.43.229,withdraw,savings,109083.07,09-Oct-2019
Male,100.250.144.167,deposit,savings,405057.24,09-Oct-2019
Female,237.82.98.161,withdraw,checking,759207.19,23-Oct-2019
Male,55.172.128.218,withdraw,savings,626403.83,01-Oct-2019
Male,164.117.163.180,withdraw,checking,903913.78,16-Oct-2019
Female,229.168.158.117,withdraw,checking,214790.54,26-Oct-2019
Female,103.129.114.139,withdraw,savings,74279.91,23-Oct-2019
Female,148.145.52.221,deposit,checking,290637.42,03-Oct-2019
Male,63.67.241.29,withdraw,checking,997132.06,26-Oct-2019
Female,177.138.95.22,deposit,savings,264312.68,06-Oct-2019
Male,74.34.206.209,deposit,checking,749103.1,19-Oct-2019
Female,112.189.157.70,withdraw,savings,943970.33,18-Oct-2019
Female,228.203.13.238,deposit,savings,888472.57,12-Oct-2019
Female,192.102.213.34,withdraw,savings,192867.55,01-Oct-2019
Female,252.197.29.198,withdraw,checking,112230.43,22-Oct-2019
Male,111.60.46.189,withdraw,savings,677189.27,09-Oct-2019
Female,72.134.250.123,withdraw,checking,480877.35,19-Oct-2019
Female,216.151.113.205,deposit,savings,93694.61,15-Oct-2019
Male,251.46.218.4,withdraw,savings,525449.05,02-Oct-2019
Male,249.174.161.228,withdraw,checking,531328.09,06-Oct-2019
Female,88.128.84.159,withdraw,savings,178540.25,12-Oct-2019
Male,210.169.86.97,deposit,savings,990802.05,20-Oct-2019
Male,0.4.120.203,deposit,checking,565754.05,13-Oct-2019
Female,135.223.105.23,deposit,savings,362624.4,17-Oct-2019
Male,226.120.210.83,withdraw,checking,572685.12,20-Oct-2019
Female,12.150.229.127,deposit,savings,234411.56,05-Oct-2019
Female,84.96.1.133,deposit,checking,258536.92,22-Oct-2019
Male,13.245.100.230,withdraw,checking,537593.63,05-Oct-2019
Female,249.144.109.25,withdraw,savings,360031.33,15-Oct-2019
Female,63.198.136.134,deposit,checking,893385.08,09-Oct-2019
Female,109.201.193.88,deposit,checking,261973.09,01-Oct-2019
Female,246.136.169.71,withdraw,checking,308363.9,14-Oct-2019
Female,183.139.72.23,deposit,savings,995215.0,28-Oct-2019
Male,107.244.149.200,deposit,savings,385833.14,09-Oct-2019
Female,66.42.157.11,deposit,checking,493724.5,01-Oct-2019
Male,216.207.45.245,withdraw,checking,408418.51,19-Oct-2019
Female,2.227.110.54,deposit,checking,877636.19,15-Oct-2019
Male,183.46.246.182,deposit,checking,324480.94,07-Oct-2019
Male,143.182.136.215,withdraw,savings,835181.83,23-Oct-2019
Male,190.220.121.57,withdraw,checking,423076.31,03-Oct-2019
Male,210.167.203.248,withdraw,savings,968489.09,03-Oct-2019
Female,221.198.53.29,deposit,savings,699928.07,18-Oct-2019
Female,235.62.39.0,deposit,savings,697002.71,16-Oct-2019
Female,121.14.11.206,withdraw,savings,840312.25,18-Oct-2019
Female,101.69.144.134,withdraw,checking,882338.2,20-Oct-2019
Male,81.178.164.246,withdraw,checking,319116.99,07-Oct-2019
Female,191.191.29.194,withdraw,savings,60048.06,09-Oct-2019
Male,124.76.34.141,withdraw,savings,43299.62,07-Oct-2019
Male,246.245.146.204,withdraw,savings,537062.58,25-Oct-2019
Male,3.143.98.161,withdraw,savings,79051.74,06-Oct-2019
Female,112.52.247.218,deposit,checking,353365.74,07-Oct-2019
Male,30.83.94.254,withdraw,savings,744099.79,27-Oct-2019
Female,87.173.161.8,withdraw,checking,849339.29,09-Oct-2019
Female,233.2.86.238,deposit,checking,769245.21,01-Oct-2019
Male,147.134.239.147,deposit,checking,772515.74,21-Oct-2019
Female,10.231.100.159,withdraw,checking,691165.92,24-Oct-2019
Female,209.53.112.78,withdraw,savings,861300.28,27-Oct-2019
Female,122.185.184.39,withdraw,savings,550974.0,13-Oct-2019
Male,71.64.227.118,withdraw,savings,211482.13,05-Oct-2019
Female,182.61.177.57,withdraw,savings,34388.4,18-Oct-2019
Male,46.30.28.144,withdraw,savings,551305.85,09-Oct-2019
Male,193.213.45.227,withdraw,savings,219467.33,18-Oct-2019
Male,86.180.195.161,withdraw,checking,734823.4,13-Oct-2019
Male,164.218.133.224,withdraw,checking,704647.76,05-Oct-2019
Male,155.209.166.162,withdraw,savings,599673.71,16-Oct-2019
Male,238.7.69.7,withdraw,checking,94307.78,01-Oct-2019
Female,45.133.18.67,withdraw,checking,530003.22,27-Oct-2019
Male,247.197.208.91,withdraw,checking,442769.21,21-Oct-2019
Female,231.215.31.220,deposit,checking,34491.0,19-Oct-2019
Female,226.139.250.217,withdraw,checking,337419.95,21-Oct-2019
Female,189.192.232.60,withdraw,savings,680013.3,25-Oct-2019
Male,72.174.187.117,deposit,savings,125060.3,09-Oct-2019
Male,40.43.246.119,withdraw,savings,378253.68,03-Oct-2019
Male,251.246.146.127,withdraw,savings,842812.53,16-Oct-2019
Female,112.131.127.173,withdraw,checking,117470.07,28-Oct-2019
Female,99.206.239.255,deposit,savings,52997.89,20-Oct-2019
Female,221.119.71.148,withdraw,savings,167309.55,18-Oct-2019
Female,16.230.69.164,withdraw,savings,905424.42,19-Oct-2019
Male,79.16.163.19,deposit,checking,790171.31,08-Oct-2019
Male,150.33.131.111,deposit,checking,281446.13,14-Oct-2019
Female,131.197.17.241,withdraw,savings,608584.62,02-Oct-2019
Male,120.130.105.153,withdraw,savings,910177.64,15-Oct-2019
Male,153.24.152.102,deposit,savings,96412.43,05-Oct-2019
Female,199.54.201.118,withdraw,checking,781297.54,28-Oct-2019
Female,87.55.94.226,withdraw,checking,51405.23,22-Oct-2019
Female,184.137.45.219,withdraw,savings,291512.17,10-Oct-2019
Female,199.160.102.210,deposit,savings,992963.94,14-Oct-2019
Female,46.159.7.238,withdraw,checking,589899.19,23-Oct-2019
Male,202.112.253.56,deposit,savings,684424.74,01-Oct-2019
Female,23.71.177.224,withdraw,checking,394620.09,04-Oct-2019
Female,235.154.238.227,withdraw,checking,189768.77,01-Oct-2019
Female,9.149.11.231,withdraw,checking,987683.34,25-Oct-2019
Male,28.71.71.240,deposit,checking,634079.69,01-Oct-2019
Female,103.41.151.202,withdraw,checking,917423.71,05-Oct-2019
Female,127.79.75.85,withdraw,checking,450978.94,25-Oct-2019
Female,181.224.207.190,withdraw,savings,593012.79,11-Oct-2019
Male,72.155.25.189,deposit,savings,990356.83,18-Oct-2019
Male,191.75.213.117,deposit,savings,618564.28,09-Oct-2019
Female,22.9.12.238,withdraw,checking,108120.59,20-Oct-2019
Female,22.81.3.86,deposit,checking,724045.98,10-Oct-2019
Male,13.92.190.26,deposit,checking,525192.05,25-Oct-2019
Male,58.47.238.225,deposit,savings,480589.26,23-Oct-2019
Male,75.182.210.40,withdraw,checking,131980.56,01-Oct-2019
Female,174.251.54.91,withdraw,checking,421816.42,09-Oct-2019
Male,14.211.103.234,withdraw,checking,609912.08,20-Oct-2019
Male,132.108.110.91,deposit,checking,137898.18,28-Oct-2019
Female,39.172.8.25,deposit,savings,24635.29,01-Oct-2019
Female,229.85.124.227,deposit,checking,554759.22,28-Oct-2019
Female,46.23.253.87,withdraw,savings,671084.13,03-Oct-2019
Male,36.14.136.81,withdraw,savings,197137.66,13-Oct-2019
Male,143.39.127.143,withdraw,savings,699525.37,10-Oct-2019
Male,209.155.95.234,withdraw,checking,857479.1,10-Oct-2019
Male,195.16.93.129,withdraw,savings,28466.88,24-Oct-2019
Male,6.220.47.212,withdraw,savings,274124.3,13-Oct-2019
Male,73.122.189.73,withdraw,checking,561655.59,16-Oct-2019
Male,185.221.71.14,deposit,savings,508997.75,01-Oct-2019
Male,224.157.230.220,deposit,savings,325813.76,09-Oct-2019
Male,239.87.159.225,deposit,checking,937740.16,28-Oct-2019
Female,246.22.130.69,deposit,checking,301984.0,06-Oct-2019
Female,169.234.91.208,withdraw,checking,518969.24,06-Oct-2019
Male,4.188.31.17,withdraw,savings,15996.1,10-Oct-2019
Male,165.55.39.173,withdraw,checking,453089.0,13-Oct-2019
Female,125.70.122.132,deposit,checking,988477.0,02-Oct-2019
Male,76.104.19.133,deposit,checking,834813.53,26-Oct-2019
Female,50.246.137.166,deposit,savings,864790.54,23-Oct-2019
Male,79.59.207.54,withdraw,checking,21329.8,14-Oct-2019
Male,2.75.86.59,withdraw,savings,613362.85,28-Oct-2019
Female,105.10.60.194,withdraw,savings,899473.25,18-Oct-2019
Female,134.227.130.228,withdraw,savings,248252.15,27-Oct-2019
Female,97.114.147.141,deposit,savings,93363.2,15-Oct-2019
Male,245.172.151.217,withdraw,savings,412732.14,13-Oct-2019
Male,69.27.239.78,deposit,savings,885391.24,22-Oct-2019
Female,251.30.65.112,withdraw,savings,632135.72,26-Oct-2019
Male,113.202.15.215,withdraw,savings,550436.64,20-Oct-2019
Female,61.6.92.109,withdraw,savings,723377.67,11-Oct-2019
Female,91.141.245.243,withdraw,savings,247694.56,20-Oct-2019
Male,174.115.34.241,withdraw,savings,447225.33,18-Oct-2019
Female,230.105.122.101,deposit,savings,992483.01,25-Oct-2019
Male,97.183.39.173,withdraw,savings,418619.3,03-Oct-2019
Male,223.92.210.130,withdraw,checking,224948.0,18-Oct-2019
Female,11.168.123.223,withdraw,savings,291817.46,06-Oct-2019
Female,136.129.39.101,deposit,checking,366881.31,26-Oct-2019
Male,133.24.60.190,withdraw,checking,768425.64,10-Oct-2019
Female,177.0.137.32,withdraw,savings,847718.2,04-Oct-2019
Male,70.68.50.254,withdraw,checking,28334.13,13-Oct-2019
Male,83.128.7.17,deposit,checking,961632.65,15-Oct-2019
Female,50.221.34.195,withdraw,savings,610789.29,12-Oct-2019
Male,48.76.222.229,deposit,savings,739692.27,10-Oct-2019
Male,247.22.28.91,withdraw,savings,428409.85,04-Oct-2019
Female,98.115.158.100,withdraw,checking,751149.93,12-Oct-2019
Female,32.130.154.17,withdraw,checking,572309.13,01-Oct-2019
Female,188.238.47.102,withdraw,checking,133333.48,06-Oct-2019
Female,202.39.181.145,withdraw,savings,675460.43,26-Oct-2019
Female,190.90.82.176,withdraw,checking,375692.64,12-Oct-2019
Female,17.39.116.159,withdraw,checking,851088.34,17-Oct-2019
Female,33.53.203.217,withdraw,savings,48073.24,10-Oct-2019
Female,98.189.43.132,withdraw,savings,353337.83,01-Oct-2019
Female,50.64.46.128,withdraw,checking,753075.36,10-Oct-2019
Female,43.152.37.40,withdraw,savings,715608.18,16-Oct-2019
Male,62.29.220.147,withdraw,savings,394636.74,22-Oct-2019
Female,8.176.199.216,withdraw,checking,189870.0,22-Oct-2019
